fixture_id,event_id,kickoff_utc,kickoff_month,kickoff_week,n_lines_before_filter,n_lines_t60,n_lines_lbu_null,value_pool,data_completeness_score,ft1x2_home_consensus,ft1x2_draw,ft1x2_away,market_coverage_keys
19238357,36628,2024-12-31T23:00:00-05:00,2025-01,2025-W01,92,63,0,True,12,2.4,3.3,2.9,FT_1X2
19238358,36629,2025-01-01T02:00:00-05:00,2025-01,2025-W01,88,62,0,True,12,2.24,3.8,2.85,FT_1X2
19324215,38824,2025-01-01T06:30:00-05:00,2025-01,2025-W01,58,40,0,True,12,2.255,2.7,3.65,FT_1X2
19142949,28007,2025-01-01T07:30:00-05:00,2025-01,2025-W01,92,66,0,True,12,4.69,3.825,1.7149999999999999,FT_1X2
19142951,28009,2025-01-01T07:30:00-05:00,2025-01,2025-W01,92,66,0,True,12,2.545,3.2,2.815,FT_1X2
19142948,28006,2025-01-01T08:00:00-05:00,2025-01,2025-W01,92,66,0,True,12,1.775,3.455,4.93,FT_1X2
19324213,38822,2025-01-01T09:00:00-05:00,2025-01,2025-W01,82,62,0,True,12,9.75,4.085,1.335,FT_1X2
19142943,28001,2025-01-01T10:00:00-05:00,2025-01,2025-W01,92,66,0,True,12,1.5,4.225,6.380000000000001,FT_1X2
19142944,28002,2025-01-01T10:00:00-05:00,2025-01,2025-W01,92,66,0,True,12,3.255,3.25,2.26,FT_1X2
19142946,28004,2025-01-01T10:00:00-05:00,2025-01,2025-W01,92,66,0,True,12,1.3,5.35,10.0,FT_1X2
19142947,28005,2025-01-01T10:00:00-05:00,2025-01,2025-W01,92,66,0,True,12,2.6100000000000003,3.3,2.62,FT_1X2
19142950,28008,2025-01-01T10:00:00-05:00,2025-01,2025-W01,90,61,0,True,12,3.25,3.34,2.22,FT_1X2
19142952,28010,2025-01-01T10:00:00-05:00,2025-01,2025-W01,92,66,0,True,12,2.05,3.19,3.8899999999999997,FT_1X2
19142954,28012,2025-01-01T10:00:00-05:00,2025-01,2025-W01,92,66,0,True,12,1.955,3.29,4.140000000000001,FT_1X2
19143387,28445,2025-01-01T10:00:00-05:00,2025-01,2025-W01,92,66,0,True,12,2.08,3.4,3.4,FT_1X2
19143388,28446,2025-01-01T10:00:00-05:00,2025-01,2025-W01,92,66,0,True,12,1.545,4.0,6.0,FT_1X2
19143389,28447,2025-01-01T10:00:00-05:00,2025-01,2025-W01,92,66,0,True,12,4.2,3.475,1.84,FT_1X2
19143390,28448,2025-01-01T10:00:00-05:00,2025-01,2025-W01,88,62,0,True,12,3.0149999999999997,3.6,2.15,FT_1X2
19143391,28449,2025-01-01T10:00:00-05:00,2025-01,2025-W01,92,66,0,True,12,2.35,3.475,2.835,FT_1X2
19143393,28451,2025-01-01T10:00:00-05:00,2025-01,2025-W01,90,64,0,True,12,2.065,3.275,3.7,FT_1X2
19143394,28452,2025-01-01T10:00:00-05:00,2025-01,2025-W01,92,66,0,True,12,2.65,3.3,2.55,FT_1X2
19143395,28453,2025-01-01T10:00:00-05:00,2025-01,2025-W01,88,59,0,True,12,4.4,3.2,1.87,FT_1X2
19143396,28454,2025-01-01T10:00:00-05:00,2025-01,2025-W01,92,66,0,True,12,4.0,3.3499999999999996,1.92,FT_1X2
19143398,28456,2025-01-01T10:00:00-05:00,2025-01,2025-W01,92,66,0,True,12,1.475,4.33,6.02,FT_1X2
19143994,29011,2025-01-01T10:00:00-05:00,2025-01,2025-W01,92,66,0,True,12,2.4,3.295,2.83,FT_1X2
19143996,29013,2025-01-01T10:00:00-05:00,2025-01,2025-W01,88,62,0,True,12,2.645,3.0,2.725,FT_1X2
19143998,29015,2025-01-01T10:00:00-05:00,2025-01,2025-W01,92,66,0,True,12,2.3,3.5,2.85,FT_1X2
19144000,29017,2025-01-01T10:00:00-05:00,2025-01,2025-W01,90,64,0,True,12,1.95,3.295,4.0,FT_1X2
19144002,29019,2025-01-01T10:00:00-05:00,2025-01,2025-W01,92,66,0,True,12,1.7,3.775,4.75,FT_1X2
19144006,29023,2025-01-01T10:00:00-05:00,2025-01,2025-W01,92,66,0,True,12,4.415,3.475,1.79,FT_1X2
19144008,29025,2025-01-01T10:00:00-05:00,2025-01,2025-W01,90,61,0,True,12,2.7,3.3,2.45,FT_1X2
19144012,29029,2025-01-01T10:00:00-05:00,2025-01,2025-W01,92,66,0,True,12,2.5,3.4400000000000004,2.665,FT_1X2
19144014,29031,2025-01-01T10:00:00-05:00,2025-01,2025-W01,92,66,0,True,12,2.0,3.25,3.825,FT_1X2
19144016,29033,2025-01-01T10:00:00-05:00,2025-01,2025-W01,92,66,0,True,12,2.79,3.175,2.5,FT_1X2
19322918,38648,2025-01-01T10:00:00-05:00,2025-01,2025-W01,59,59,0,True,12,2.35,2.65,3.5,FT_1X2
19170708,34508,2025-01-01T10:00:00-05:00,2025-01,2025-W01,88,62,0,True,12,4.175000000000001,3.75,1.7149999999999999,FT_1X2
19170709,34509,2025-01-01T10:00:00-05:00,2025-01,2025-W01,92,66,0,True,12,4.5,3.82,1.665,FT_1X2
19170711,34511,2025-01-01T10:00:00-05:00,2025-01,2025-W01,92,66,0,True,12,1.745,3.55,4.3149999999999995,FT_1X2
19170712,34512,2025-01-01T10:00:00-05:00,2025-01,2025-W01,92,66,0,True,12,2.865,3.32,2.28,FT_1X2
19170715,34515,2025-01-01T10:00:00-05:00,2025-01,2025-W01,92,66,0,True,12,1.89,3.67,3.55,FT_1X2
19170717,34517,2025-01-01T10:00:00-05:00,2025-01,2025-W01,92,66,0,True,12,2.135,3.125,3.3449999999999998,FT_1X2
19170718,34518,2025-01-01T10:00:00-05:00,2025-01,2025-W01,88,62,0,True,12,1.9,3.675,3.45,FT_1X2
19173309,35270,2025-01-01T10:00:00-05:00,2025-01,2025-W01,88,62,0,True,12,1.5350000000000001,3.45,6.55,FT_1X2
19142945,28003,2025-01-01T12:30:00-05:00,2025-01,2025-W01,92,66,0,True,12,3.02,3.5,2.24,FT_1X2
19134910,24657,2025-01-01T12:30:00-05:00,2025-01,2025-W01,92,66,0,True,12,5.945,4.425000000000001,1.54,FT_1X2
19170707,34507,2025-01-01T12:30:00-05:00,2025-01,2025-W01,88,62,0,True,12,3.4,3.2,2.1,FT_1X2
19141001,27642,2025-01-01T12:45:00-05:00,2025-01,2025-W01,77,54,0,True,12,2.7,3.0,2.6100000000000003,FT_1X2
19140996,27637,2025-01-01T13:00:00-05:00,2025-01,2025-W01,82,59,0,True,12,3.1,3.59,2.05,FT_1X2
19322919,38649,2025-01-01T13:00:00-05:00,2025-01,2025-W01,88,62,0,True,12,3.1,2.62,2.6,FT_1X2
19140999,27640,2025-01-01T13:30:00-05:00,2025-01,2025-W01,86,66,0,True,12,2.75,3.4,2.335,FT_1X2
19142953,28011,2025-01-01T15:00:00-05:00,2025-01,2025-W01,92,66,0,True,12,2.06,3.35,3.6,FT_1X2
19324214,38823,2025-01-02T06:30:00-05:00,2025-01,2025-W01,82,59,0,True,12,2.45,2.55,3.45,FT_1X2
19324216,38825,2025-01-02T06:30:00-05:00,2025-01,2025-W01,68,45,0,True,12,2.38,2.7,3.35,FT_1X2
19324217,38826,2025-01-02T06:30:00-05:00,2025-01,2025-W01,82,59,0,True,12,2.1,2.7,4.0,FT_1X2
19324220,38829,2025-01-02T07:00:00-05:00,2025-01,2025-W01,82,59,0,True,12,2.4,2.6,3.35,FT_1X2
19324218,38827,2025-01-02T07:15:00-05:00,2025-01,2025-W01,82,59,0,True,12,1.42,3.85,7.68,FT_1X2
19322355,38476,2025-01-02T09:00:00-05:00,2025-01,2025-W01,90,64,0,True,12,1.34,4.75,7.825,FT_1X2
19324219,38828,2025-01-02T09:30:00-05:00,2025-01,2025-W01,77,54,0,True,12,3.475,2.645,2.315,FT_1X2
19146817,30014,2025-01-02T10:00:00-05:00,2025-01,2025-W01,92,66,0,True,12,1.68,3.825,4.85,FT_1X2
19146818,30015,2025-01-02T10:00:00-05:00,2025-01,2025-W01,92,66,0,True,12,1.7,3.75,4.885,FT_1X2
19146819,30016,2025-01-02T10:00:00-05:00,2025-01,2025-W01,92,66,0,True,12,2.245,3.225,3.275,FT_1X2
19146820,30017,2025-01-02T10:00:00-05:00,2025-01,2025-W01,92,66,0,True,12,3.2,3.7,2.1,FT_1X2
19146821,30018,2025-01-02T10:00:00-05:00,2025-01,2025-W01,92,66,0,True,12,3.6,3.5,2.0,FT_1X2
19146822,30019,2025-01-02T12:30:00-05:00,2025-01,2025-W01,91,65,0,True,12,3.1,3.4,2.25,FT_1X2
19140995,27636,2025-01-02T13:00:00-05:00,2025-01,2025-W01,84,61,0,True,12,1.4,4.6,6.2,FT_1X2
19144004,29021,2025-01-02T14:45:00-05:00,2025-01,2025-W01,90,61,0,True,12,2.8,3.2,2.5,FT_1X2
19144010,29027,2025-01-02T14:45:00-05:00,2025-01,2025-W01,92,66,0,True,12,4.5,3.645,1.7349999999999999,FT_1X2
19238361,36632,2025-01-03T01:00:00-05:00,2025-01,2025-W01,92,66,0,True,12,1.835,3.6,4.1,FT_1X2
19238362,36633,2025-01-03T03:35:00-05:00,2025-01,2025-W01,92,66,0,True,12,2.4,3.3499999999999996,2.8899999999999997,FT_1X2
19238363,36634,2025-01-03T05:45:00-05:00,2025-01,2025-W01,90,64,0,True,12,5.0,4.34,1.57,FT_1X2
19322356,38477,2025-01-03T09:00:00-05:00,2025-01,2025-W01,88,62,0,True,12,1.3,5.175,8.0,FT_1X2
19208788,36288,2025-01-03T12:00:00-05:00,2025-01,2025-W01,87,61,0,True,12,1.73,3.4,4.35,FT_1X2
19172165,35012,2025-01-03T12:00:00-05:00,2025-01,2025-W01,92,66,0,True,12,2.5,3.4400000000000004,2.66,FT_1X2
19172170,35017,2025-01-03T12:00:00-05:00,2025-01,2025-W01,92,66,0,True,12,2.145,3.215,3.4299999999999997,FT_1X2
19340057,39360,2025-01-03T13:00:00-05:00,2025-01,2025-W01,87,64,0,True,12,3.965,3.325,1.975,FT_1X2
19340063,39366,2025-01-03T13:00:00-05:00,2025-01,2025-W01,88,62,0,True,12,3.0,2.95,2.545,FT_1X2
19340066,39369,2025-01-03T13:00:00-05:00,2025-01,2025-W01,92,66,0,True,12,4.825,2.97,1.9449999999999998,FT_1X2
19140299,27368,2025-01-03T14:00:00-05:00,2025-01,2025-W01,90,64,0,False,0,,6.075,11.875,
19140301,27370,2025-01-03T14:00:00-05:00,2025-01,2025-W01,92,66,0,True,12,3.5,2.925,2.2,FT_1X2
19140302,27371,2025-01-03T14:00:00-05:00,2025-01,2025-W01,90,64,0,True,12,2.9,2.85,2.65,FT_1X2
19140304,27373,2025-01-03T14:00:00-05:00,2025-01,2025-W01,92,66,0,True,12,1.6949999999999998,4.0,4.275,FT_1X2
19140305,27374,2025-01-03T14:00:00-05:00,2025-01,2025-W01,92,66,0,True,12,2.8,3.0,2.6,FT_1X2
19140306,27375,2025-01-03T14:00:00-05:00,2025-01,2025-W01,92,66,0,True,12,2.165,3.175,3.3499999999999996,FT_1X2
19319986,38260,2025-01-03T14:00:00-05:00,2025-01,2025-W01,83,57,0,True,12,2.85,2.77,2.62,FT_1X2
19358119,40726,2025-01-03T14:00:00-05:00,2025-01,2025-W01,92,66,0,False,0,10.5,4.87,,
19139795,27061,2025-01-03T15:00:00-05:00,2025-01,2025-W01,92,66,0,True,12,2.3449999999999998,3.25,3.125,FT_1X2
19135367,24979,2025-01-03T15:00:00-05:00,2025-01,2025-W01,100,74,0,True,12,7.025,4.75,1.43,FT_1X2
19160652,32974,2025-01-03T15:15:00-05:00,2025-01,2025-W01,92,66,0,True,12,3.705,3.5,1.9649999999999999,FT_1X2
19238364,36635,2025-01-04T01:00:00-05:00,2025-01,2025-W01,88,62,0,True,12,3.5,4.2,1.87,FT_1X2
19238365,36636,2025-01-04T03:35:00-05:00,2025-01,2025-W01,92,66,0,True,12,1.685,4.33,4.2,FT_1X2
19208781,36281,2025-01-04T05:30:00-05:00,2025-01,2025-W01,87,61,0,True,12,2.91,3.1,2.26,FT_1X2
19208790,36290,2025-01-04T05:30:00-05:00,2025-01,2025-W01,0,0,0,False,0,,,,
19172167,35014,2025-01-04T05:30:00-05:00,2025-01,2025-W01,90,64,0,True,12,4.75,4.125,1.62,FT_1X2
19160343,32665,2025-01-04T06:00:00-05:00,2025-01,2025-W01,92,66,0,True,12,2.965,3.1,2.365,FT_1X2
19322357,38478,2025-01-04T06:30:00-05:00,2025-01,2025-W01,90,64,0,True,12,2.7649999999999997,3.3,2.365,FT_1X2
19142955,28013,2025-01-04T07:30:00-05:00,2025-01,2025-W01,90,64,0,True,12,3.41,3.0,2.3,FT_1X2
19142963,28021,2025-01-04T07:30:00-05:00,2025-01,2025-W01,92,66,0,True,12,1.6,4.3149999999999995,4.91,FT_1X2
19142965,28023,2025-01-04T07:30:00-05:00,2025-01,2025-W01,92,66,0,True,12,2.285,3.25,3.1550000000000002,FT_1X2
19143400,28458,2025-01-04T07:30:00-05:00,2025-01,2025-W01,92,66,0,True,12,2.2350000000000003,3.2,3.24,FT_1X2
19143401,28459,2025-01-04T07:30:00-05:00,2025-01,2025-W01,92,66,0,True,12,1.9449999999999998,3.4,3.9,FT_1X2
19144039,29056,2025-01-04T07:30:00-05:00,2025-01,2025-W01,88,62,0,True,12,1.68,4.0,4.390000000000001,FT_1X2
19134927,24674,2025-01-04T07:30:00-05:00,2025-01,2025-W01,88,62,0,True,12,3.8,4.475,1.79,FT_1X2
19140300,27369,2025-01-04T08:00:00-05:00,2025-01,2025-W01,92,66,0,True,12,1.83,3.5,4.2,FT_1X2
19140303,27372,2025-01-04T08:00:00-05:00,2025-01,2025-W01,92,66,0,True,12,2.2,3.215,3.22,FT_1X2
19141003,27644,2025-01-04T08:00:00-05:00,2025-01,2025-W01,82,62,0,True,12,1.98,3.14,3.8,FT_1X2
19144020,29037,2025-01-04T08:00:00-05:00,2025-01,2025-W01,92,66,0,True,12,1.8450000000000002,3.425,4.15,FT_1X2
19208783,36283,2025-01-04T08:00:00-05:00,2025-01,2025-W01,87,64,0,True,12,1.68,3.75,4.234999999999999,FT_1X2
19319966,38240,2025-01-04T08:00:00-05:00,2025-01,2025-W01,83,57,0,True,12,1.42,4.0,7.5,FT_1X2
19172168,35015,2025-01-04T08:00:00-05:00,2025-01,2025-W01,92,66,0,True,12,2.815,3.33,2.4400000000000004,FT_1X2
19262682,36923,2025-01-04T08:30:00-05:00,2025-01,2025-W01,88,65,0,True,12,2.05,3.0,3.74,FT_1X2
19262683,36924,2025-01-04T08:30:00-05:00,2025-01,2025-W01,88,62,0,True,12,1.5550000000000002,3.55,6.45,FT_1X2
19322358,38479,2025-01-04T09:00:00-05:00,2025-01,2025-W01,92,66,0,True,12,3.1,3.55,2.05,FT_1X2
19155256,31499,2025-01-04T09:00:00-05:00,2025-01,2025-W01,92,66,0,True,12,2.6,3.0,2.975,FT_1X2
19160346,32668,2025-01-04T09:00:00-05:00,2025-01,2025-W01,92,66,0,True,12,1.92,3.35,3.75,FT_1X2
19340064,39367,2025-01-04T09:30:00-05:00,2025-01,2025-W01,92,66,0,True,12,5.75,3.6900000000000004,1.625,FT_1X2
19142956,28014,2025-01-04T10:00:00-05:00,2025-01,2025-W01,92,66,0,True,12,1.815,3.44,4.625,FT_1X2
19142957,28015,2025-01-04T10:00:00-05:00,2025-01,2025-W01,92,66,0,True,12,6.390000000000001,4.074999999999999,1.52,FT_1X2
19142958,28016,2025-01-04T10:00:00-05:00,2025-01,2025-W01,92,66,0,True,12,1.54,4.2,5.6899999999999995,FT_1X2
19142959,28017,2025-01-04T10:00:00-05:00,2025-01,2025-W01,92,66,0,True,12,2.0700000000000003,3.45,3.525,FT_1X2
19142960,28018,2025-01-04T10:00:00-05:00,2025-01,2025-W01,92,66,0,True,12,1.9249999999999998,3.36,4.175000000000001,FT_1X2
19142962,28020,2025-01-04T10:00:00-05:00,2025-01,2025-W01,90,67,0,True,12,2.28,3.05,3.36,FT_1X2
19142966,28024,2025-01-04T10:00:00-05:00,2025-01,2025-W01,92,66,0,True,12,2.67,3.21,2.68,FT_1X2
19143399,28457,2025-01-04T10:00:00-05:00,2025-01,2025-W01,88,62,0,True,12,1.505,4.45,5.5,FT_1X2
19143402,28460,2025-01-04T10:00:00-05:00,2025-01,2025-W01,92,69,0,True,12,1.6,3.8,5.25,FT_1X2
19143403,28461,2025-01-04T10:00:00-05:00,2025-01,2025-W01,92,66,0,True,12,3.3049999999999997,3.5,2.05,FT_1X2
19143404,28462,2025-01-04T10:00:00-05:00,2025-01,2025-W01,92,66,0,True,12,1.6549999999999998,3.6,5.0,FT_1X2
19143405,28463,2025-01-04T10:00:00-05:00,2025-01,2025-W01,92,66,0,True,12,1.53,3.975,6.0,FT_1X2
19143406,28464,2025-01-04T10:00:00-05:00,2025-01,2025-W01,86,57,0,True,12,2.15,2.95,3.8,FT_1X2
19143407,28465,2025-01-04T10:00:00-05:00,2025-01,2025-W01,92,66,0,True,12,2.1,3.3,3.4,FT_1X2
19143408,28466,2025-01-04T10:00:00-05:00,2025-01,2025-W01,90,61,0,True,12,4.3,3.2,1.9,FT_1X2
19143409,28467,2025-01-04T10:00:00-05:00,2025-01,2025-W01,90,64,0,True,12,1.63,4.15,4.75,FT_1X2
19143410,28468,2025-01-04T10:00:00-05:00,2025-01,2025-W01,92,69,0,True,12,1.89,3.5,4.0,FT_1X2
19144018,29035,2025-01-04T10:00:00-05:00,2025-01,2025-W01,92,69,0,True,12,1.59,3.7,5.82,FT_1X2
19144026,29043,2025-01-04T10:00:00-05:00,2025-01,2025-W01,92,66,0,True,12,1.83,3.4,4.33,FT_1X2
19144031,29048,2025-01-04T10:00:00-05:00,2025-01,2025-W01,92,66,0,True,12,1.78,3.6,4.345000000000001,FT_1X2
19144035,29052,2025-01-04T10:00:00-05:00,2025-01,2025-W01,92,66,0,True,12,2.385,3.25,2.85,FT_1X2
19144041,29058,2025-01-04T10:00:00-05:00,2025-01,2025-W01,92,66,0,True,12,2.135,3.425,3.25,FT_1X2
19185886,35649,2025-01-04T10:00:00-05:00,2025-01,2025-W01,90,64,0,True,12,2.05,3.0,3.9,FT_1X2
19358120,40727,2025-01-04T10:00:00-05:00,2025-01,2025-W01,88,62,0,True,12,2.105,3.02,3.425,FT_1X2
19134919,24666,2025-01-04T10:00:00-05:00,2025-01,2025-W01,92,69,0,True,12,1.7,3.8,5.0,FT_1X2
19134920,24667,2025-01-04T10:00:00-05:00,2025-01,2025-W01,90,64,0,True,12,1.33,5.605,8.535,FT_1X2
19134922,24669,2025-01-04T10:00:00-05:00,2025-01,2025-W01,92,66,0,True,12,3.525,3.8,1.995,FT_1X2
19134925,24672,2025-01-04T10:00:00-05:00,2025-01,2025-W01,88,65,0,True,12,1.3,7.0,10.0,FT_1X2
19134926,24673,2025-01-04T10:00:00-05:00,2025-01,2025-W01,92,69,0,True,12,3.3,3.55,2.15,FT_1X2
19141005,27646,2025-01-04T10:30:00-05:00,2025-01,2025-W01,82,62,0,False,0,,6.05,10.7,
19340071,39374,2025-01-04T10:30:00-05:00,2025-01,2025-W01,90,67,0,True,12,3.6,3.03,2.15,FT_1X2
19160347,32669,2025-01-04T10:30:00-05:00,2025-01,2025-W01,88,65,0,True,12,2.65,2.85,2.74,FT_1X2
19160650,32972,2025-01-04T10:30:00-05:00,2025-01,2025-W01,90,67,0,True,12,1.9,3.2,4.4,FT_1X2
19139790,27056,2025-01-04T11:00:00-05:00,2025-01,2025-W01,92,69,0,True,12,3.44,3.4,2.11,FT_1X2
19141006,27647,2025-01-04T11:00:00-05:00,2025-01,2025-W01,77,57,0,True,12,2.22,3.1,3.1,FT_1X2
19208785,36285,2025-01-04T11:00:00-05:00,2025-01,2025-W01,92,69,0,True,12,1.94,3.5,3.45,FT_1X2
19319985,38259,2025-01-04T11:00:00-05:00,2025-01,2025-W01,87,64,0,False,0,,6.0,15.0,
19172164,35011,2025-01-04T11:00:00-05:00,2025-01,2025-W01,88,65,0,True,12,1.31,6.0,9.0,FT_1X2
19340067,39370,2025-01-04T11:30:00-05:00,2025-01,2025-W01,92,69,0,True,12,2.6,3.4,2.6,FT_1X2
19358121,40728,2025-01-04T12:00:00-05:00,2025-01,2025-W01,88,65,0,True,12,5.94,3.54,1.55,FT_1X2
19155249,31492,2025-01-04T12:00:00-05:00,2025-01,2025-W01,92,69,0,True,12,3.4,3.05,2.3,FT_1X2
19172166,35013,2025-01-04T12:00:00-05:00,2025-01,2025-W01,92,69,0,True,12,2.3,3.38,2.96,FT_1X2
19141004,27645,2025-01-04T12:30:00-05:00,2025-01,2025-W01,86,66,0,True,12,7.995,4.775,1.34,FT_1X2
19134921,24668,2025-01-04T12:30:00-05:00,2025-01,2025-W01,92,69,0,True,12,4.6,3.59,1.81,FT_1X2
19139792,27058,2025-01-04T13:00:00-05:00,2025-01,2025-W01,92,69,0,True,12,1.5,4.15,6.5,FT_1X2
19262685,36926,2025-01-04T13:00:00-05:00,2025-01,2025-W01,88,65,0,True,12,2.4,2.75,3.35,FT_1X2
19340056,39359,2025-01-04T13:00:00-05:00,2025-01,2025-W01,88,65,0,False,0,21.0,11.0,,
19160344,32666,2025-01-04T13:00:00-05:00,2025-01,2025-W01,90,67,0,True,12,2.15,3.1,3.4,FT_1X2
19160653,32975,2025-01-04T13:00:00-05:00,2025-01,2025-W01,90,67,0,True,12,1.33,5.25,7.9,FT_1X2
19140307,27376,2025-01-04T14:00:00-05:00,2025-01,2025-W01,92,69,0,True,12,4.33,3.6,1.78,FT_1X2
19319975,38249,2025-01-04T14:00:00-05:00,2025-01,2025-W01,87,64,0,True,12,1.31,5.05,11.05,FT_1X2
19319976,38250,2025-01-04T14:00:00-05:00,2025-01,2025-W01,83,60,0,True,12,2.355,2.865,3.025,FT_1X2
19155250,31493,2025-01-04T14:45:00-05:00,2025-01,2025-W01,92,69,0,True,12,3.18,2.95,2.45,FT_1X2
19139788,27054,2025-01-04T15:00:00-05:00,2025-01,2025-W01,88,62,0,True,12,1.35,5.545,7.775,FT_1X2
19340059,39362,2025-01-04T15:30:00-05:00,2025-01,2025-W01,92,66,0,True,12,12.0,5.325,1.35,FT_1X2
19340060,39363,2025-01-04T15:30:00-05:00,2025-01,2025-W01,90,64,0,False,0,20.0,8.3,,
19160648,32970,2025-01-04T15:30:00-05:00,2025-01,2025-W01,92,66,0,True,12,3.75,3.125,2.1,FT_1X2
19208782,36282,2025-01-05T05:30:00-05:00,2025-01,2025-W01,88,62,0,True,12,2.755,3.1,2.41,FT_1X2
19208786,36286,2025-01-05T05:30:00-05:00,2025-01,2025-W01,92,66,0,True,12,1.94,3.35,3.6,FT_1X2
19172169,35016,2025-01-05T05:30:00-05:00,2025-01,2025-W01,90,64,0,True,12,1.65,3.99,4.71,FT_1X2
19340061,39364,2025-01-05T06:00:00-05:00,2025-01,2025-W01,92,66,0,True,12,4.385,3.6,1.8,FT_1X2
19340069,39372,2025-01-05T06:00:00-05:00,2025-01,2025-W01,92,66,0,True,12,2.0,3.335,3.75,FT_1X2
19160341,32663,2025-01-05T06:00:00-05:00,2025-01,2025-W01,92,66,0,True,12,3.975,3.5,1.83,FT_1X2
19155253,31496,2025-01-05T06:30:00-05:00,2025-01,2025-W01,92,66,0,True,12,2.4,3.125,3.1,FT_1X2
19146825,30022,2025-01-05T07:00:00-05:00,2025-01,2025-W01,90,64,0,True,12,5.5,4.44,1.52,FT_1X2
19325852,38878,2025-01-05T07:55:00-05:00,2025-01,2025-W01,88,62,0,True,12,5.0,4.425,1.49,FT_1X2
19325858,38884,2025-01-05T07:55:00-05:00,2025-01,2025-W01,88,62,0,True,12,1.42,4.75,5.55,FT_1X2
19185890,35653,2025-01-05T08:00:00-05:00,2025-01,2025-W01,90,64,0,True,12,1.98,3.025,4.095000000000001,FT_1X2
19208784,36284,2025-01-05T08:00:00-05:00,2025-01,2025-W01,92,66,0,True,12,1.755,3.78,3.9,FT_1X2
19172163,35010,2025-01-05T08:00:00-05:00,2025-01,2025-W01,92,66,0,True,12,2.0549999999999997,3.27,3.6,FT_1X2
19262686,36927,2025-01-05T08:30:00-05:00,2025-01,2025-W01,88,62,0,True,12,2.13,2.795,3.975,FT_1X2
19139789,27055,2025-01-05T09:00:00-05:00,2025-01,2025-W01,92,66,0,True,12,2.0,3.425,3.75,FT_1X2
19139791,27057,2025-01-05T09:00:00-05:00,2025-01,2025-W01,92,66,0,True,12,3.325,3.15,2.3099999999999996,FT_1X2
19139794,27060,2025-01-05T09:00:00-05:00,2025-01,2025-W01,92,66,0,True,12,1.82,3.75,4.225,FT_1X2
19322359,38480,2025-01-05T09:00:00-05:00,2025-01,2025-W01,92,66,0,True,12,4.665,3.775,1.645,FT_1X2
19134923,24670,2025-01-05T09:00:00-05:00,2025-01,2025-W01,92,66,0,True,12,1.56,4.175,6.045,FT_1X2
19155252,31495,2025-01-05T09:00:00-05:00,2025-01,2025-W01,92,66,0,True,12,2.91,2.91,2.71,FT_1X2
19160340,32662,2025-01-05T09:00:00-05:00,2025-01,2025-W01,90,64,0,True,12,2.25,3.1,3.1,FT_1X2
19146827,30024,2025-01-05T09:30:00-05:00,2025-01,2025-W01,92,66,0,True,12,2.6399999999999997,3.25,2.6,FT_1X2
19185887,35650,2025-01-05T09:30:00-05:00,2025-01,2025-W01,92,66,0,True,12,1.705,3.6100000000000003,4.75,FT_1X2
19340062,39365,2025-01-05T09:30:00-05:00,2025-01,2025-W01,92,66,0,True,12,9.875,4.75,1.33,FT_1X2
19340065,39368,2025-01-05T09:30:00-05:00,2025-01,2025-W01,92,66,0,True,12,3.75,3.725,1.91,FT_1X2
19340070,39373,2025-01-05T09:30:00-05:00,2025-01,2025-W01,92,66,0,True,12,3.675,3.1,2.1399999999999997,FT_1X2
19142964,28022,2025-01-05T10:00:00-05:00,2025-01,2025-W01,90,61,0,True,12,1.49,4.4,6.05,FT_1X2
19144029,29046,2025-01-05T10:00:00-05:00,2025-01,2025-W01,92,66,0,True,12,2.275,3.25,3.0300000000000002,FT_1X2
19146823,30020,2025-01-05T10:00:00-05:00,2025-01,2025-W01,88,62,0,False,0,,8.35,16.25,
19146824,30021,2025-01-05T10:00:00-05:00,2025-01,2025-W01,92,66,0,True,12,2.38,3.3,2.93,FT_1X2
19146826,30023,2025-01-05T10:00:00-05:00,2025-01,2025-W01,92,66,0,True,12,1.58,3.825,5.8,FT_1X2
19146828,30025,2025-01-05T10:00:00-05:00,2025-01,2025-W01,92,66,0,True,12,2.5,3.3,2.75,FT_1X2
19185889,35652,2025-01-05T10:00:00-05:00,2025-01,2025-W01,87,61,0,False,0,11.31,5.3,,
19358125,40732,2025-01-05T10:00:00-05:00,2025-01,2025-W01,88,62,0,True,12,2.365,2.75,3.225,FT_1X2
19160342,32664,2025-01-05T10:30:00-05:00,2025-01,2025-W01,90,64,0,True,12,2.04,3.25,3.6,FT_1X2
19160647,32969,2025-01-05T10:30:00-05:00,2025-01,2025-W01,90,64,0,True,12,1.6749999999999998,3.35,6.0,FT_1X2
19262687,36928,2025-01-05T10:45:00-05:00,2025-01,2025-W01,88,62,0,True,12,2.68,2.9,2.7,FT_1X2
19325853,38879,2025-01-05T10:45:00-05:00,2025-01,2025-W01,92,66,0,True,12,2.14,3.4,3.0,FT_1X2
19325854,38880,2025-01-05T10:45:00-05:00,2025-01,2025-W01,88,62,0,True,12,2.2350000000000003,3.565,2.74,FT_1X2
19208789,36289,2025-01-05T11:00:00-05:00,2025-01,2025-W01,88,62,0,True,12,3.425,3.1,2.1,FT_1X2
19319995,38269,2025-01-05T11:00:00-05:00,2025-01,2025-W01,83,57,0,True,12,2.45,2.69,3.2,FT_1X2
19319996,38270,2025-01-05T11:00:00-05:00,2025-01,2025-W01,83,57,0,True,12,2.0,2.94,3.9,FT_1X2
19172171,35018,2025-01-05T11:00:00-05:00,2025-01,2025-W01,88,62,0,False,0,,8.850000000000001,19.42,
19134924,24671,2025-01-05T11:30:00-05:00,2025-01,2025-W01,90,64,0,True,12,1.36,5.45,8.05,FT_1X2
19358126,40733,2025-01-05T12:00:00-05:00,2025-01,2025-W01,88,62,0,True,12,2.115,2.755,3.715,FT_1X2
19155255,31498,2025-01-05T12:00:00-05:00,2025-01,2025-W01,92,66,0,True,12,1.76,3.525,4.925000000000001,FT_1X2
19185888,35651,2025-01-05T12:30:00-05:00,2025-01,2025-W01,90,64,0,True,12,2.0149999999999997,2.915,4.135,FT_1X2
19160345,32667,2025-01-05T13:00:00-05:00,2025-01,2025-W01,90,64,0,True,12,3.1,3.045,2.3449999999999998,FT_1X2
19160654,32976,2025-01-05T13:00:00-05:00,2025-01,2025-W01,90,64,0,True,12,2.09,3.1,3.75,FT_1X2
19141007,27648,2025-01-05T13:15:00-05:00,2025-01,2025-W01,86,63,0,True,12,3.0,3.4,2.15,FT_1X2
19185891,35654,2025-01-05T13:30:00-05:00,2025-01,2025-W01,92,66,0,True,12,2.225,3.15,3.2,FT_1X2
19319965,38239,2025-01-05T14:00:00-05:00,2025-01,2025-W01,83,57,0,True,12,2.5,2.7,3.1,FT_1X2
19139793,27059,2025-01-05T14:45:00-05:00,2025-01,2025-W01,92,66,0,True,12,1.3050000000000002,5.35,10.3,FT_1X2
19155254,31497,2025-01-05T14:45:00-05:00,2025-01,2025-W01,92,66,0,True,12,2.49,3.05,3.045,FT_1X2
19160649,32971,2025-01-05T15:30:00-05:00,2025-01,2025-W01,92,66,0,True,12,2.35,3.0,3.3,FT_1X2
19238366,36637,2025-01-06T03:00:00-05:00,2025-01,2025-W02,88,62,0,True,12,2.6,3.775,2.425,FT_1X2
19325581,38849,2025-01-06T07:30:00-05:00,2025-01,2025-W02,89,66,0,True,12,1.435,4.125,6.0,FT_1X2
19325855,38881,2025-01-06T07:55:00-05:00,2025-01,2025-W02,88,62,0,True,12,2.3,3.45,2.7,FT_1X2
19322360,38481,2025-01-06T09:00:00-05:00,2025-01,2025-W02,92,66,0,True,12,3.1,3.375,2.125,FT_1X2
19325580,38848,2025-01-06T10:00:00-05:00,2025-01,2025-W02,92,66,0,True,12,1.4049999999999998,3.99,7.5,FT_1X2
19325856,38882,2025-01-06T10:45:00-05:00,2025-01,2025-W02,86,60,0,False,0,,6.45,10.0,
19325857,38883,2025-01-06T10:45:00-05:00,2025-01,2025-W02,88,62,0,True,12,1.3,5.484999999999999,8.0,FT_1X2
19185892,35655,2025-01-06T11:00:00-05:00,2025-01,2025-W02,92,66,0,True,12,8.385,4.4350000000000005,1.37,FT_1X2
19208787,36287,2025-01-06T12:00:00-05:00,2025-01,2025-W02,92,66,0,True,12,2.3,2.96,3.1,FT_1X2
19141002,27643,2025-01-06T13:00:00-05:00,2025-01,2025-W02,77,54,0,True,12,2.375,2.95,3.0549999999999997,FT_1X2
19340058,39361,2025-01-06T13:00:00-05:00,2025-01,2025-W02,85,62,0,False,0,26.0,12.25,,
19160348,32670,2025-01-06T13:00:00-05:00,2025-01,2025-W02,92,66,0,True,12,1.725,3.825,4.05,FT_1X2
19140917,27558,2025-01-06T13:30:00-05:00,2025-01,2025-W02,93,70,0,True,12,1.6349999999999998,4.02,4.5,FT_1X2
19142961,28019,2025-01-06T15:00:00-05:00,2025-01,2025-W02,92,66,0,True,12,2.42,3.135,3.08,FT_1X2
19134928,24675,2025-01-06T15:00:00-05:00,2025-01,2025-W02,92,66,0,True,12,3.8,3.45,2.0,FT_1X2
19160651,32973,2025-01-06T15:15:00-05:00,2025-01,2025-W02,92,66,0,True,12,2.145,3.15,3.6,FT_1X2
19238390,36661,2025-01-07T02:00:00-05:00,2025-01,2025-W02,92,66,0,True,12,2.245,3.55,3.035,FT_1X2
19238359,36630,2025-01-07T04:00:00-05:00,2025-01,2025-W02,92,66,0,True,12,2.35,3.625,2.75,FT_1X2
19322901,38631,2025-01-07T09:00:00-05:00,2025-01,2025-W02,92,66,0,True,12,1.3,4.5,9.25,FT_1X2
19325583,38851,2025-01-07T10:00:00-05:00,2025-01,2025-W02,89,66,0,True,12,4.0,3.2,1.85,FT_1X2
19325582,38850,2025-01-07T12:30:00-05:00,2025-01,2025-W02,88,62,0,True,12,1.57,3.99,4.6,FT_1X2
19143302,28360,2025-01-07T14:45:00-05:00,2025-01,2025-W02,92,66,0,True,12,2.38,3.3,2.8899999999999997,FT_1X2
19170660,34460,2025-01-07T14:45:00-05:00,2025-01,2025-W02,92,66,0,True,12,2.91,3.25,2.3,FT_1X2
19340068,39371,2025-01-07T15:00:00-05:00,2025-01,2025-W02,92,66,0,True,12,3.825,3.335,1.995,FT_1X2
19355421,40722,2025-01-07T15:00:00-05:00,2025-01,2025-W02,92,66,0,True,12,1.66,3.99,5.05,FT_1X2
19144811,29558,2025-01-07T15:30:00-05:00,2025-01,2025-W02,100,74,0,True,12,3.1,3.0,2.415,FT_1X2
19238360,36631,2025-01-08T03:00:00-05:00,2025-01,2025-W02,88,62,0,False,0,,6.705,10.25,
19322361,38482,2025-01-08T09:00:00-05:00,2025-01,2025-W02,88,62,0,True,12,1.39,4.574999999999999,6.17,FT_1X2
19262602,36843,2025-01-08T12:30:00-05:00,2025-01,2025-W02,88,62,0,True,12,5.5649999999999995,3.245,1.6549999999999998,FT_1X2
19262607,36848,2025-01-08T12:30:00-05:00,2025-01,2025-W02,88,62,0,True,12,2.0,2.95,4.0,FT_1X2
19262689,36930,2025-01-08T12:30:00-05:00,2025-01,2025-W02,88,62,0,True,12,2.255,2.85,3.275,FT_1X2
19158020,31781,2025-01-08T14:00:00-05:00,2025-01,2025-W02,92,66,0,True,12,4.55,4.125,1.685,FT_1X2
19146757,29954,2025-01-08T14:45:00-05:00,2025-01,2025-W02,88,65,0,False,0,,8.19,18.0,
19146760,29957,2025-01-08T14:45:00-05:00,2025-01,2025-W02,92,69,0,True,12,1.84,3.45,4.25,FT_1X2
19170663,34463,2025-01-08T14:45:00-05:00,2025-01,2025-W02,92,66,0,True,12,1.5,4.0,6.0,FT_1X2
19355423,40724,2025-01-08T15:00:00-05:00,2025-01,2025-W02,88,62,0,True,12,4.775,4.75,1.59,FT_1X2
19322362,38483,2025-01-09T09:00:00-05:00,2025-01,2025-W02,88,62,0,True,12,2.1,3.4,2.955,FT_1X2
19191874,35903,2025-01-09T09:45:00-05:00,2025-01,2025-W02,89,66,0,True,12,2.6100000000000003,3.525,2.45,FT_1X2
19191877,35906,2025-01-09T10:00:00-05:00,2025-01,2025-W02,92,66,0,True,12,2.385,3.25,2.8049999999999997,FT_1X2
19191881,35910,2025-01-09T12:00:00-05:00,2025-01,2025-W02,90,70,0,False,0,,6.0,10.0,
19335092,39333,2025-01-09T14:00:00-05:00,2025-01,2025-W02,91,71,0,True,12,2.15,3.3,3.47,FT_1X2
19158021,31782,2025-01-09T14:00:00-05:00,2025-01,2025-W02,86,66,0,True,12,1.33,5.325,9.1,FT_1X2
19335087,39328,2025-01-09T14:45:00-05:00,2025-01,2025-W02,92,69,0,False,0,,6.4,13.18,
19335093,39334,2025-01-09T14:45:00-05:00,2025-01,2025-W02,90,64,0,False,0,,6.395,11.08,
19146758,29955,2025-01-09T15:00:00-05:00,2025-01,2025-W02,92,69,0,True,12,9.5,5.5,1.3,FT_1X2
19238367,36638,2025-01-10T03:35:00-05:00,2025-01,2025-W02,92,69,0,True,12,1.75,4.05,4.18,FT_1X2
19329320,39067,2025-01-10T08:05:00-05:00,2025-01,2025-W02,88,62,0,True,12,1.7650000000000001,3.775,3.62,FT_1X2
19329321,39068,2025-01-10T08:05:00-05:00,2025-01,2025-W02,90,67,0,True,12,1.7,3.7,4.0,FT_1X2
19161476,33203,2025-01-10T08:15:00-05:00,2025-01,2025-W02,90,67,0,True,12,3.5,3.7,1.87,FT_1X2
19322363,38484,2025-01-10T09:00:00-05:00,2025-01,2025-W02,94,71,0,True,12,1.77,3.5,3.9,FT_1X2
19322920,38650,2025-01-10T09:00:00-05:00,2025-01,2025-W02,85,62,0,True,12,2.3,2.68,3.2649999999999997,FT_1X2
19191878,35907,2025-01-10T09:40:00-05:00,2025-01,2025-W02,94,71,0,True,12,2.15,3.1,3.4,FT_1X2
19191882,35911,2025-01-10T10:05:00-05:00,2025-01,2025-W02,94,71,0,True,12,4.22,3.54,1.78,FT_1X2
19161415,33142,2025-01-10T10:30:00-05:00,2025-01,2025-W02,90,67,0,True,12,2.05,3.5,3.0,FT_1X2
19320188,38305,2025-01-10T10:45:00-05:00,2025-01,2025-W02,90,67,0,True,12,2.23,3.7,2.5,FT_1X2
19191875,35904,2025-01-10T12:00:00-05:00,2025-01,2025-W02,94,71,0,True,12,1.6,4.0,5.0,FT_1X2
19208795,36295,2025-01-10T12:00:00-05:00,2025-01,2025-W02,94,71,0,True,12,2.3,3.2,2.9,FT_1X2
19322922,38652,2025-01-10T12:00:00-05:00,2025-01,2025-W02,90,64,0,True,12,4.55,2.9,1.85,FT_1X2
19139797,27063,2025-01-10T13:00:00-05:00,2025-01,2025-W02,94,71,0,True,12,3.8,3.38,2.0,FT_1X2
19136333,25575,2025-01-10T14:00:00-05:00,2025-01,2025-W02,90,67,0,True,12,1.5,4.5,5.3,FT_1X2
19136338,25580,2025-01-10T14:00:00-05:00,2025-01,2025-W02,94,71,0,True,12,2.8,3.4,2.3,FT_1X2
19136339,25581,2025-01-10T14:00:00-05:00,2025-01,2025-W02,89,69,0,True,12,3.56,3.8,1.9,FT_1X2
19136669,25911,2025-01-10T14:00:00-05:00,2025-01,2025-W02,94,71,0,True,12,2.95,3.35,2.35,FT_1X2
19140309,27378,2025-01-10T14:00:00-05:00,2025-01,2025-W02,94,71,0,True,12,2.4,3.28,2.85,FT_1X2
19140311,27380,2025-01-10T14:00:00-05:00,2025-01,2025-W02,94,74,0,True,12,4.92,3.675,1.7,FT_1X2
19140314,27383,2025-01-10T14:00:00-05:00,2025-01,2025-W02,94,71,0,True,12,2.5,3.15,2.8,FT_1X2
19140315,27384,2025-01-10T14:00:00-05:00,2025-01,2025-W02,94,71,0,True,12,2.55,3.25,2.7,FT_1X2
19140316,27385,2025-01-10T14:00:00-05:00,2025-01,2025-W02,94,71,0,True,12,2.12,3.25,3.5,FT_1X2
19319967,38241,2025-01-10T14:00:00-05:00,2025-01,2025-W02,88,62,0,False,0,,4.65,13.0,
19144895,29642,2025-01-10T14:30:00-05:00,2025-01,2025-W02,94,71,0,True,12,1.96,3.1,4.2,FT_1X2
19335088,39329,2025-01-10T14:45:00-05:00,2025-01,2025-W02,92,66,0,True,12,2.1900000000000004,3.3499999999999996,3.25,FT_1X2
19131440,23842,2025-01-10T14:45:00-05:00,2025-01,2025-W02,94,71,0,True,12,2.15,3.2,3.5,FT_1X2
19154681,30924,2025-01-10T14:45:00-05:00,2025-01,2025-W02,94,71,0,True,12,3.6,3.75,1.97,FT_1X2
19155260,31503,2025-01-10T14:45:00-05:00,2025-01,2025-W02,94,71,0,True,12,2.02,3.4,3.7,FT_1X2
19135438,25050,2025-01-10T15:00:00-05:00,2025-01,2025-W02,94,71,0,True,12,2.85,3.1,2.63,FT_1X2
19335068,39309,2025-01-10T15:00:00-05:00,2025-01,2025-W02,94,71,0,True,12,1.65,4.33,4.55,FT_1X2
19139798,27064,2025-01-10T15:05:00-05:00,2025-01,2025-W02,94,71,0,True,12,4.75,3.6,1.76,FT_1X2
19345880,39460,2025-01-10T20:00:00-05:00,2025-01,2025-W02,94,71,0,True,12,2.05,3.52,3.4,FT_1X2
19345882,39462,2025-01-10T22:00:00-05:00,2025-01,2025-W02,94,71,0,True,12,1.85,3.7,3.92,FT_1X2
19345881,39461,2025-01-10T22:05:00-05:00,2025-01,2025-W02,94,74,0,True,12,2.6,3.475,2.51,FT_1X2
19238368,36639,2025-01-10T23:00:00-05:00,2025-01,2025-W02,94,71,0,True,12,3.65,3.7,1.88,FT_1X2
19238369,36640,2025-01-11T01:00:00-05:00,2025-01,2025-W02,94,74,0,True,12,1.5,4.3,5.95,FT_1X2
19238370,36641,2025-01-11T03:35:00-05:00,2025-01,2025-W02,94,71,0,True,12,1.62,4.1,5.0,FT_1X2
19208792,36292,2025-01-11T05:30:00-05:00,2025-01,2025-W02,92,66,0,True,12,2.25,3.2,2.88,FT_1X2
19172175,35022,2025-01-11T05:30:00-05:00,2025-01,2025-W02,94,71,0,True,12,3.23,3.4,2.14,FT_1X2
19238371,36642,2025-01-11T05:45:00-05:00,2025-01,2025-W02,94,71,0,True,12,6.7,4.65,1.44,FT_1X2
19322364,38485,2025-01-11T06:30:00-05:00,2025-01,2025-W02,90,67,0,True,12,1.45,4.0,6.0,FT_1X2
19335073,39314,2025-01-11T07:00:00-05:00,2025-01,2025-W02,94,74,0,True,12,3.1500000000000004,3.4,2.215,FT_1X2
19335076,39317,2025-01-11T07:00:00-05:00,2025-01,2025-W02,94,74,0,True,12,2.15,3.425,3.3049999999999997,FT_1X2
19335089,39330,2025-01-11T07:00:00-05:00,2025-01,2025-W02,94,71,0,True,12,1.85,3.45,4.4,FT_1X2
19335072,39313,2025-01-11T07:15:00-05:00,2025-01,2025-W02,86,63,0,False,0,,20.0,53.5,
19143299,28357,2025-01-11T07:30:00-05:00,2025-01,2025-W02,94,74,0,True,12,2.7,3.25,2.5,FT_1X2
19144065,29082,2025-01-11T07:30:00-05:00,2025-01,2025-W02,94,74,0,True,12,1.4449999999999998,4.3149999999999995,6.965,FT_1X2
19146833,30030,2025-01-11T07:30:00-05:00,2025-01,2025-W02,92,72,0,False,0,13.0,6.55,,
19135434,25046,2025-01-11T08:00:00-05:00,2025-01,2025-W02,94,74,0,True,12,3.1900000000000004,3.1,2.435,FT_1X2
19140308,27377,2025-01-11T08:00:00-05:00,2025-01,2025-W02,94,74,0,True,12,2.0599999999999996,3.3,3.41,FT_1X2
19140312,27381,2025-01-11T08:00:00-05:00,2025-01,2025-W02,94,71,0,True,12,1.62,3.8,5.4,FT_1X2
19140313,27382,2025-01-11T08:00:00-05:00,2025-01,2025-W02,92,72,0,True,12,1.68,3.35,5.75,FT_1X2
19141010,27651,2025-01-11T08:00:00-05:00,2025-01,2025-W02,79,59,0,False,0,,5.5,9.0,
19144896,29643,2025-01-11T08:00:00-05:00,2025-01,2025-W02,92,72,0,True,12,1.8450000000000002,3.175,4.6,FT_1X2
19208794,36294,2025-01-11T08:00:00-05:00,2025-01,2025-W02,94,71,0,True,12,2.95,3.1,2.25,FT_1X2
19319977,38251,2025-01-11T08:00:00-05:00,2025-01,2025-W02,88,65,0,True,12,4.0,3.0,1.83,FT_1X2
19172174,35021,2025-01-11T08:00:00-05:00,2025-01,2025-W02,94,74,0,True,12,3.455,3.47,1.995,FT_1X2
19329322,39069,2025-01-11T08:05:00-05:00,2025-01,2025-W02,90,67,0,True,12,5.35,3.85,1.5,FT_1X2
19329323,39070,2025-01-11T08:05:00-05:00,2025-01,2025-W02,90,67,0,True,12,1.35,4.8,6.86,FT_1X2
19161477,33204,2025-01-11T08:15:00-05:00,2025-01,2025-W02,90,70,0,True,12,1.4,4.5,5.9,FT_1X2
19262691,36932,2025-01-11T08:30:00-05:00,2025-01,2025-W02,90,67,0,True,12,3.4,2.82,2.23,FT_1X2
19262693,36934,2025-01-11T08:30:00-05:00,2025-01,2025-W02,90,70,0,True,12,3.42,2.915,2.16,FT_1X2
19191880,35909,2025-01-11T08:45:00-05:00,2025-01,2025-W02,90,67,0,False,0,21.0,8.8,,
19322365,38486,2025-01-11T09:00:00-05:00,2025-01,2025-W02,90,67,0,True,12,1.57,3.9,4.8,FT_1X2
19322923,38653,2025-01-11T09:00:00-05:00,2025-01,2025-W02,90,67,0,True,12,1.9,2.8,4.3,FT_1X2
19335083,39324,2025-01-11T09:00:00-05:00,2025-01,2025-W02,91,71,0,True,12,1.5,4.33,5.75,FT_1X2
19155258,31501,2025-01-11T09:00:00-05:00,2025-01,2025-W02,94,74,0,True,12,2.045,3.05,4.2,FT_1X2
19155265,31508,2025-01-11T09:00:00-05:00,2025-01,2025-W02,94,71,0,True,12,5.79,3.8,1.62,FT_1X2
19154682,30925,2025-01-11T09:30:00-05:00,2025-01,2025-W02,94,74,0,True,12,2.35,3.41,2.975,FT_1X2
19154683,30926,2025-01-11T09:30:00-05:00,2025-01,2025-W02,94,71,0,True,12,3.1,3.35,2.33,FT_1X2
19154684,30927,2025-01-11T09:30:00-05:00,2025-01,2025-W02,94,74,0,True,12,1.4449999999999998,4.8,6.55,FT_1X2
19154686,30929,2025-01-11T09:30:00-05:00,2025-01,2025-W02,94,74,0,True,12,1.6549999999999998,3.8499999999999996,5.2,FT_1X2
19154688,30931,2025-01-11T09:30:00-05:00,2025-01,2025-W02,94,74,0,True,12,3.375,3.435,2.16,FT_1X2
19191876,35905,2025-01-11T09:40:00-05:00,2025-01,2025-W02,94,74,0,True,12,1.58,3.7,5.375,FT_1X2
19144063,29080,2025-01-11T10:00:00-05:00,2025-01,2025-W02,92,72,0,True,12,2.9,3.1900000000000004,2.4,FT_1X2
19146831,30028,2025-01-11T10:00:00-05:00,2025-01,2025-W02,94,74,0,True,12,1.49,4.225,5.95,FT_1X2
19146834,30031,2025-01-11T10:00:00-05:00,2025-01,2025-W02,94,74,0,True,12,2.59,2.97,2.91,FT_1X2
19335067,39308,2025-01-11T10:00:00-05:00,2025-01,2025-W02,94,74,0,True,12,5.109999999999999,3.975,1.62,FT_1X2
19335069,39310,2025-01-11T10:00:00-05:00,2025-01,2025-W02,90,70,0,True,12,6.5,4.79,1.4249999999999998,FT_1X2
19335075,39316,2025-01-11T10:00:00-05:00,2025-01,2025-W02,84,58,0,False,0,,20.0,51.0,
19335077,39318,2025-01-11T10:00:00-05:00,2025-01,2025-W02,91,74,0,True,12,1.47,4.5,6.25,FT_1X2
19335080,39321,2025-01-11T10:00:00-05:00,2025-01,2025-W02,91,74,0,True,12,1.955,3.6500000000000004,3.62,FT_1X2
19335082,39323,2025-01-11T10:00:00-05:00,2025-01,2025-W02,94,74,0,True,12,2.5549999999999997,3.275,2.7,FT_1X2
19335084,39325,2025-01-11T10:00:00-05:00,2025-01,2025-W02,90,70,0,False,0,,6.35,10.75,
19335091,39332,2025-01-11T10:00:00-05:00,2025-01,2025-W02,91,74,0,True,12,1.525,4.155,5.734999999999999,FT_1X2
19364970,40743,2025-01-11T10:00:00-05:00,2025-01,2025-W02,87,67,0,True,12,2.0,3.0,3.68,FT_1X2
19131443,23845,2025-01-11T10:00:00-05:00,2025-01,2025-W02,92,72,0,True,12,2.01,3.65,3.275,FT_1X2
19170723,34523,2025-01-11T10:00:00-05:00,2025-01,2025-W02,92,72,0,True,12,1.55,3.815,5.125,FT_1X2
19170730,34530,2025-01-11T10:00:00-05:00,2025-01,2025-W02,88,65,0,True,12,2.0,3.25,3.53,FT_1X2
19135437,25049,2025-01-11T10:15:00-05:00,2025-01,2025-W02,94,74,0,True,12,4.9,3.6,1.7650000000000001,FT_1X2
19144889,29636,2025-01-11T10:15:00-05:00,2025-01,2025-W02,94,74,0,True,12,2.315,3.225,3.0,FT_1X2
19144892,29639,2025-01-11T10:15:00-05:00,2025-01,2025-W02,90,70,0,True,12,2.45,2.715,3.3,FT_1X2
19136670,25912,2025-01-11T10:30:00-05:00,2025-01,2025-W02,94,74,0,True,12,3.3,3.25,2.2,FT_1X2
19161480,33207,2025-01-11T10:30:00-05:00,2025-01,2025-W02,90,70,0,True,12,2.605,3.4,2.28,FT_1X2
19262694,36935,2025-01-11T10:45:00-05:00,2025-01,2025-W02,81,73,0,True,12,2.1,2.85,3.6,FT_1X2
19329324,39071,2025-01-11T10:45:00-05:00,2025-01,2025-W02,90,70,0,True,12,2.15,3.5,2.775,FT_1X2
19139802,27068,2025-01-11T11:00:00-05:00,2025-01,2025-W02,94,74,0,True,12,3.525,3.45,2.085,FT_1X2
19141009,27650,2025-01-11T11:00:00-05:00,2025-01,2025-W02,83,63,0,True,12,1.6,3.8,4.75,FT_1X2
19141011,27652,2025-01-11T11:00:00-05:00,2025-01,2025-W02,83,63,0,True,12,1.98,3.35,3.4,FT_1X2
19141015,27656,2025-01-11T11:00:00-05:00,2025-01,2025-W02,74,54,0,True,12,2.7,2.9450000000000003,2.5300000000000002,FT_1X2
19319987,38261,2025-01-11T11:00:00-05:00,2025-01,2025-W02,92,69,0,True,12,8.0,3.75,1.42,FT_1X2
19319998,38272,2025-01-11T11:00:00-05:00,2025-01,2025-W02,90,67,0,True,12,5.5,3.14,1.62,FT_1X2
19172172,35019,2025-01-11T11:00:00-05:00,2025-01,2025-W02,94,74,0,True,12,1.53,4.275,5.64,FT_1X2
19191879,35908,2025-01-11T12:00:00-05:00,2025-01,2025-W02,94,74,0,True,12,5.55,4.2,1.51,FT_1X2
19322924,38654,2025-01-11T12:00:00-05:00,2025-01,2025-W02,90,67,0,True,12,3.4,2.55,2.38,FT_1X2
19364971,40744,2025-01-11T12:00:00-05:00,2025-01,2025-W02,87,67,0,False,0,,5.7,12.0,
19155264,31507,2025-01-11T12:00:00-05:00,2025-01,2025-W02,92,72,0,True,12,4.390000000000001,2.965,2.05,FT_1X2
19131439,23841,2025-01-11T12:15:00-05:00,2025-01,2025-W02,94,74,0,True,12,1.495,4.34,5.8,FT_1X2
19135435,25047,2025-01-11T12:30:00-05:00,2025-01,2025-W02,92,72,0,True,12,2.15,2.95,4.0,FT_1X2
19141012,27653,2025-01-11T12:30:00-05:00,2025-01,2025-W02,78,58,0,True,12,8.25,4.875,1.3,FT_1X2
19144897,29644,2025-01-11T12:30:00-05:00,2025-01,2025-W02,94,74,0,True,12,2.9,3.0700000000000003,2.5,FT_1X2
19144898,29645,2025-01-11T12:30:00-05:00,2025-01,2025-W02,94,74,0,True,12,2.6399999999999997,2.88,2.83,FT_1X2
19154687,30930,2025-01-11T12:30:00-05:00,2025-01,2025-W02,90,70,0,True,12,8.0,5.5,1.34,FT_1X2
19136665,25907,2025-01-11T12:45:00-05:00,2025-01,2025-W02,90,70,0,False,0,,9.649999999999999,19.0,
19335070,39311,2025-01-11T12:45:00-05:00,2025-01,2025-W02,86,63,0,False,0,,13.5,26.0,
19335090,39331,2025-01-11T12:45:00-05:00,2025-01,2025-W02,90,70,0,False,0,,9.875,19.375,
19139799,27065,2025-01-11T13:00:00-05:00,2025-01,2025-W02,94,74,0,True,12,2.8,3.275,2.55,FT_1X2
19335085,39326,2025-01-11T13:00:00-05:00,2025-01,2025-W02,94,74,0,True,12,2.0,3.525,3.525,FT_1X2
19185895,35658,2025-01-11T13:30:00-05:00,2025-01,2025-W02,94,74,0,True,12,1.3,5.13,11.25,FT_1X2
19136672,25914,2025-01-11T14:00:00-05:00,2025-01,2025-W02,94,74,0,True,12,2.95,3.325,2.395,FT_1X2
19140310,27379,2025-01-11T14:00:00-05:00,2025-01,2025-W02,94,71,0,True,12,2.02,3.3,3.7,FT_1X2
19319978,38252,2025-01-11T14:00:00-05:00,2025-01,2025-W02,88,62,0,True,12,2.175,2.875,3.5,FT_1X2
19131698,24049,2025-01-11T14:00:00-05:00,2025-01,2025-W02,92,72,0,True,12,1.95,3.4,3.525,FT_1X2
19131700,24051,2025-01-11T14:00:00-05:00,2025-01,2025-W02,90,70,0,True,12,1.5,4.025,5.5,FT_1X2
19131444,23846,2025-01-11T14:45:00-05:00,2025-01,2025-W02,94,71,0,True,12,3.1,3.3,2.25,FT_1X2
19155261,31504,2025-01-11T14:45:00-05:00,2025-01,2025-W02,94,71,0,True,12,1.33,5.4,8.6,FT_1X2
19135433,25045,2025-01-11T15:00:00-05:00,2025-01,2025-W02,94,71,0,True,12,2.1,3.2,3.8,FT_1X2
19136673,25915,2025-01-11T15:00:00-05:00,2025-01,2025-W02,92,69,0,True,12,1.4,5.0,6.76,FT_1X2
19144893,29640,2025-01-11T15:00:00-05:00,2025-01,2025-W02,92,69,0,True,12,2.14,2.9,4.0,FT_1X2
19139804,27070,2025-01-11T15:05:00-05:00,2025-01,2025-W02,94,71,0,True,12,3.2,3.24,2.31,FT_1X2
19345883,39463,2025-01-11T18:00:00-05:00,2025-01,2025-W02,94,71,0,True,12,3.45,3.4,2.07,FT_1X2
19345885,39465,2025-01-11T20:05:00-05:00,2025-01,2025-W02,92,66,0,True,12,1.475,4.3149999999999995,6.375,FT_1X2
19345886,39466,2025-01-11T22:05:00-05:00,2025-01,2025-W02,94,68,0,True,12,1.36,4.55,8.5,FT_1X2
19238372,36643,2025-01-12T01:00:00-05:00,2025-01,2025-W02,94,71,0,True,12,2.65,3.6,2.44,FT_1X2
19208796,36296,2025-01-12T05:30:00-05:00,2025-01,2025-W02,94,71,0,True,12,3.25,3.3,2.1,FT_1X2
19208797,36297,2025-01-12T05:30:00-05:00,2025-01,2025-W02,92,69,0,True,12,1.61,3.5,5.25,FT_1X2
19172173,35020,2025-01-12T05:30:00-05:00,2025-01,2025-W02,94,71,0,True,12,2.93,3.2,2.4,FT_1X2
19160338,32660,2025-01-12T06:00:00-05:00,2025-01,2025-W02,90,67,0,True,12,2.7,3.0,2.62,FT_1X2
19160339,32661,2025-01-12T06:00:00-05:00,2025-01,2025-W02,94,71,0,True,12,1.9,3.25,3.92,FT_1X2
19136337,25579,2025-01-12T06:15:00-05:00,2025-01,2025-W02,87,67,0,True,12,1.43,4.8,5.8,FT_1X2
19136667,25909,2025-01-12T06:15:00-05:00,2025-01,2025-W02,94,71,0,True,12,1.31,5.03,10.0,FT_1X2
19155259,31502,2025-01-12T06:30:00-05:00,2025-01,2025-W02,94,71,0,True,12,2.0,3.35,3.95,FT_1X2
19167865,33496,2025-01-12T06:30:00-05:00,2025-01,2025-W02,94,71,0,True,12,3.9,3.5,1.91,FT_1X2
19335081,39322,2025-01-12T07:00:00-05:00,2025-01,2025-W02,91,71,0,True,12,2.0,3.6,3.6,FT_1X2
19335079,39320,2025-01-12T07:30:00-05:00,2025-01,2025-W02,89,67,0,False,0,41.0,17.0,,
19131441,23843,2025-01-12T07:30:00-05:00,2025-01,2025-W02,94,71,0,True,12,4.1,3.6,1.83,FT_1X2
19160336,32658,2025-01-12T07:45:00-05:00,2025-01,2025-W02,94,71,0,True,12,2.1,3.2,3.4,FT_1X2
19135439,25051,2025-01-12T08:00:00-05:00,2025-01,2025-W02,92,69,0,True,12,2.5,2.8,3.4,FT_1X2
19144894,29641,2025-01-12T08:00:00-05:00,2025-01,2025-W02,94,71,0,True,12,2.85,3.3,2.35,FT_1X2
19208791,36291,2025-01-12T08:00:00-05:00,2025-01,2025-W02,92,69,0,True,12,1.7,3.6,4.75,FT_1X2
19208799,36299,2025-01-12T08:00:00-05:00,2025-01,2025-W02,92,69,0,True,12,2.5,3.15,2.62,FT_1X2
19319988,38262,2025-01-12T08:00:00-05:00,2025-01,2025-W02,85,59,0,True,12,1.57,3.5,5.5,FT_1X2
19172177,35024,2025-01-12T08:00:00-05:00,2025-01,2025-W02,92,69,0,True,12,1.45,4.64,6.1,FT_1X2
19161478,33205,2025-01-12T08:15:00-05:00,2025-01,2025-W02,90,67,0,True,12,1.3,5.5,8.18,FT_1X2
19136666,25908,2025-01-12T08:30:00-05:00,2025-01,2025-W02,94,71,0,True,12,1.9,3.4,4.25,FT_1X2
19136668,25910,2025-01-12T08:30:00-05:00,2025-01,2025-W02,92,69,0,True,12,1.37,5.0,7.8,FT_1X2
19262696,36937,2025-01-12T08:30:00-05:00,2025-01,2025-W02,90,67,0,True,12,1.6,3.45,5.75,FT_1X2
19139800,27066,2025-01-12T09:00:00-05:00,2025-01,2025-W02,94,71,0,True,12,6.25,3.95,1.56,FT_1X2
19322366,38487,2025-01-12T09:00:00-05:00,2025-01,2025-W02,94,71,0,True,12,1.5,4.0,5.03,FT_1X2
19323984,38771,2025-01-12T09:00:00-05:00,2025-01,2025-W02,92,66,0,False,0,10.5,5.1,,
19155266,31509,2025-01-12T09:00:00-05:00,2025-01,2025-W02,94,71,0,True,12,9.25,5.2,1.33,FT_1X2
19167860,33491,2025-01-12T09:00:00-05:00,2025-01,2025-W02,94,71,0,True,12,1.91,3.3,4.0,FT_1X2
19167861,33492,2025-01-12T09:00:00-05:00,2025-01,2025-W02,92,69,0,True,12,3.2,2.88,2.38,FT_1X2
19167862,33493,2025-01-12T09:00:00-05:00,2025-01,2025-W02,94,71,0,True,12,2.1,3.0,3.8,FT_1X2
19167864,33495,2025-01-12T09:00:00-05:00,2025-01,2025-W02,92,69,0,True,12,2.27,2.88,3.5,FT_1X2
19167866,33497,2025-01-12T09:00:00-05:00,2025-01,2025-W02,92,69,0,True,12,1.9,3.2,4.33,FT_1X2
19167867,33498,2025-01-12T09:00:00-05:00,2025-01,2025-W02,92,69,0,True,12,2.31,2.88,3.3,FT_1X2
19185897,35660,2025-01-12T09:30:00-05:00,2025-01,2025-W02,94,71,0,True,12,7.0,4.35,1.41,FT_1X2
19154680,30923,2025-01-12T09:30:00-05:00,2025-01,2025-W02,92,69,0,True,12,1.88,3.8,3.8,FT_1X2
19146829,30026,2025-01-12T10:00:00-05:00,2025-01,2025-W02,94,71,0,True,12,2.6,3.3,2.64,FT_1X2
19146832,30029,2025-01-12T10:00:00-05:00,2025-01,2025-W02,90,67,0,False,0,,9.25,19.0,
19185899,35662,2025-01-12T10:00:00-05:00,2025-01,2025-W02,92,69,0,True,12,3.61,2.78,2.25,FT_1X2
19335065,39306,2025-01-12T10:00:00-05:00,2025-01,2025-W02,94,71,0,True,12,1.63,4.0,5.2,FT_1X2
19335086,39327,2025-01-12T10:00:00-05:00,2025-01,2025-W02,90,67,0,False,0,,9.6,20.11,
19335094,39335,2025-01-12T10:00:00-05:00,2025-01,2025-W02,89,69,0,True,12,1.32,5.5,8.5,FT_1X2
19335095,39336,2025-01-12T10:00:00-05:00,2025-01,2025-W02,92,69,0,True,12,1.3,5.8,10.5,FT_1X2
19364975,40748,2025-01-12T10:00:00-05:00,2025-01,2025-W02,85,62,0,True,12,1.85,2.9,4.45,FT_1X2
19131445,23847,2025-01-12T10:00:00-05:00,2025-01,2025-W02,94,71,0,True,12,3.1,3.3,2.25,FT_1X2
19131699,24050,2025-01-12T10:00:00-05:00,2025-01,2025-W02,0,0,0,False,0,,,,
19135431,25043,2025-01-12T10:15:00-05:00,2025-01,2025-W02,94,71,0,True,12,1.32,5.1,10.85,FT_1X2
19144890,29637,2025-01-12T10:15:00-05:00,2025-01,2025-W02,94,71,0,True,12,2.7,3.0,2.72,FT_1X2
19144891,29638,2025-01-12T10:15:00-05:00,2025-01,2025-W02,92,69,0,True,12,1.78,3.3,4.8,FT_1X2
19160646,32968,2025-01-12T10:30:00-05:00,2025-01,2025-W02,92,87,0,True,12,8.0,4.75,1.38,FT_1X2
19161479,33206,2025-01-12T10:30:00-05:00,2025-01,2025-W02,90,67,0,True,12,1.4,4.9,5.5,FT_1X2
19136340,25582,2025-01-12T10:45:00-05:00,2025-01,2025-W02,87,64,0,True,12,1.89,3.775,3.5,FT_1X2
19136671,25913,2025-01-12T10:45:00-05:00,2025-01,2025-W02,94,71,0,True,12,2.18,3.25,3.35,FT_1X2
19262729,36970,2025-01-12T10:45:00-05:00,2025-01,2025-W02,69,64,0,True,12,2.25,2.8,3.45,FT_1X2
19208793,36293,2025-01-12T11:00:00-05:00,2025-01,2025-W02,59,36,0,False,0,,14.25,38.5,
19319997,38271,2025-01-12T11:00:00-05:00,2025-01,2025-W02,88,62,0,True,12,4.775,3.0,1.8,FT_1X2
19172178,35025,2025-01-12T11:00:00-05:00,2025-01,2025-W02,92,69,0,True,12,4.71,4.5,1.57,FT_1X2
19172179,35026,2025-01-12T11:00:00-05:00,2025-01,2025-W02,92,69,0,True,12,1.48,4.7,5.8,FT_1X2
19139796,27062,2025-01-12T11:15:00-05:00,2025-01,2025-W02,94,71,0,True,12,1.98,3.5,3.8,FT_1X2
19139801,27067,2025-01-12T11:15:00-05:00,2025-01,2025-W02,94,71,0,True,12,2.08,3.35,3.6,FT_1X2
19167859,33490,2025-01-12T11:15:00-05:00,2025-01,2025-W02,92,69,0,True,12,2.05,2.95,4.05,FT_1X2
19335064,39305,2025-01-12T11:30:00-05:00,2025-01,2025-W02,91,71,0,True,12,1.62,4.1,5.0,FT_1X2
19154685,30928,2025-01-12T11:30:00-05:00,2025-01,2025-W02,94,71,0,True,12,3.9,3.6,1.92,FT_1X2
19323983,38770,2025-01-12T11:45:00-05:00,2025-01,2025-W02,90,67,0,True,12,2.45,3.0,2.82,FT_1X2
19322921,38651,2025-01-12T12:00:00-05:00,2025-01,2025-W02,88,62,0,True,12,2.2649999999999997,2.69,3.475,FT_1X2
19364976,40749,2025-01-12T12:00:00-05:00,2025-01,2025-W02,87,64,0,True,12,1.68,3.2,4.875,FT_1X2
19155257,31500,2025-01-12T12:00:00-05:00,2025-01,2025-W02,94,71,0,True,12,2.65,3.1,2.8,FT_1X2
19185898,35661,2025-01-12T12:30:00-05:00,2025-01,2025-W02,92,69,0,False,0,,6.5,15.0,
19131438,23840,2025-01-12T12:30:00-05:00,2025-01,2025-W02,94,71,0,True,12,4.5,3.6,1.75,FT_1X2
19141013,27654,2025-01-12T13:00:00-05:00,2025-01,2025-W02,82,59,0,True,12,2.19,3.0,3.25,FT_1X2
19345887,39467,2025-01-12T13:00:00-05:00,2025-01,2025-W02,47,6,0,True,12,1.615,3.8,5.0,FT_1X2
19160333,32655,2025-01-12T13:00:00-05:00,2025-01,2025-W02,92,69,0,True,12,2.28,3.1,3.1,FT_1X2
19160335,32657,2025-01-12T13:00:00-05:00,2025-01,2025-W02,92,69,0,True,12,2.3,2.95,3.2,FT_1X2
19131442,23844,2025-01-12T13:15:00-05:00,2025-01,2025-W02,94,71,0,True,12,2.5,3.25,2.8,FT_1X2
19131697,24048,2025-01-12T13:15:00-05:00,2025-01,2025-W02,94,71,0,True,12,3.1,3.2,2.24,FT_1X2
19140923,27564,2025-01-12T13:30:00-05:00,2025-01,2025-W02,91,68,0,True,12,4.675,3.6500000000000004,1.65,FT_1X2
19185893,35656,2025-01-12T13:30:00-05:00,2025-01,2025-W02,92,69,0,False,0,,7.0,15.5,
19167858,33489,2025-01-12T13:30:00-05:00,2025-01,2025-W02,94,71,0,True,12,3.0,2.95,2.5,FT_1X2
19319968,38242,2025-01-12T14:00:00-05:00,2025-01,2025-W02,83,57,0,True,12,2.3,2.88,3.16,FT_1X2
19364977,40750,2025-01-12T14:00:00-05:00,2025-01,2025-W02,87,64,0,True,12,1.53,3.5,6.0,FT_1X2
19158019,31780,2025-01-12T14:00:00-05:00,2025-01,2025-W02,88,62,0,True,12,2.375,3.85,2.65,FT_1X2
19139803,27069,2025-01-12T14:45:00-05:00,2025-01,2025-W02,88,65,0,False,0,,10.75,21.0,
19323978,38765,2025-01-12T14:45:00-05:00,2025-01,2025-W02,90,67,0,True,12,2.43,2.9,3.0,FT_1X2
19155263,31506,2025-01-12T14:45:00-05:00,2025-01,2025-W02,94,71,0,True,12,1.33,5.05,10.0,FT_1X2
19160337,32659,2025-01-12T15:30:00-05:00,2025-01,2025-W02,90,67,0,True,12,2.34,3.0,3.0,FT_1X2
19345884,39464,2025-01-12T20:00:00-05:00,2025-01,2025-W03,94,71,0,True,12,1.3,5.25,10.25,FT_1X2
19208800,36300,2025-01-13T09:00:00-05:00,2025-01,2025-W03,94,71,0,True,12,2.46,3.14,2.7,FT_1X2
19322367,38488,2025-01-13T09:00:00-05:00,2025-01,2025-W03,94,71,0,True,12,1.82,3.7,3.5,FT_1X2
19185894,35657,2025-01-13T11:00:00-05:00,2025-01,2025-W03,92,69,0,True,12,1.74,3.2,5.1,FT_1X2
19185896,35659,2025-01-13T11:00:00-05:00,2025-01,2025-W03,94,71,0,True,12,2.15,3.09,3.4,FT_1X2
19208798,36298,2025-01-13T12:00:00-05:00,2025-01,2025-W03,94,71,0,True,12,2.0,3.4,3.3,FT_1X2
19172176,35023,2025-01-13T12:00:00-05:00,2025-01,2025-W03,94,71,0,True,12,7.25,4.75,1.38,FT_1X2
19172180,35027,2025-01-13T12:00:00-05:00,2025-01,2025-W03,94,71,0,True,12,1.98,3.47,3.6,FT_1X2
19136341,25583,2025-01-13T14:00:00-05:00,2025-01,2025-W03,87,67,0,True,12,2.1,3.9,2.9,FT_1X2
